{
	"AFN": {
		"name": "Afghan Afghani"
	},
	"ALL": {
		"name": "Albanian Lek"
	},
	"DZD": {
		"name": "Algerian Dinar"
	},
	"AOA": {
		"name": "Angolan Kwanza"
	},
	"ARS": {
		"name": "Argentine Peso"
	},
	"AMD": {
		"name": "Armenian Dram"
	},
	"AWG": {
		"name": "Aruban Florin"
	},
	"AUD": {
		"name": "Australian Dollar",
		"symbol": "A$"
	},
	"AZN": {
		"name": "Azerbaijani Manat"
	},
	"BSD": {
		"name": "Bahamian Dollar"
	},
	"BHD": {
		"name": "Bahraini Dinar"
	},
	"BDT": {
		"name": "Bangladeshi Taka"
	},
	"BBD": {
		"name": "Barbadian Dollar"
	},
	"BYN": {
		"name": "Belarusian Rouble"
	},
	"BZD": {
		"name": "Belize Dollar"
	},
	"BMD": {
		"name": "Bermudian Dollar"
	},
	"BTN": {
		"name": "Bhutanese Ngultrum"
	},
	"BOB": {
		"name": "Bolivian Boliviano"
	},
	"BAM": {
		"name": "Bosnia-Herzegovina Convertible Mark"
	},
	"BWP": {
		"name": "Botswanan Pula"
	},
	"BRL": {
		"name": "Brazilian Real",
		"symbol": "R$"
	},
	"GBP": {
		"name": "British Pound",
		"symbol": "£"
	},
	"BND": {
		"name": "Brunei Dollar"
	},
	"BGN": {
		"name": "Bulgarian Lev"
	},
	"BIF": {
		"name": "Burundian Franc"
	},
	"KHR": {
		"name": "Cambodian Riel"
	},
	"CAD": {
		"name": "Canadian Dollar",
		"symbol": "CA$"
	},
	"CVE": {
		"name": "Cape Verdean Escudo"
	},
	"KYD": {
		"name": "Cayman Islands Dollar"
	},
	"XAF": {
		"name": "Central African CFA Franc",
		"symbol": "FCFA"
	},
	"XPF": {
		"name": "CFP Franc",
		"symbol": "CFPF"
	},
	"CLP": {
		"name": "Chilean Peso"
	},
	"CNY": {
		"name": "Chinese Yuan",
		"symbol": "CN¥"
	},
	"COP": {
		"name": "Colombian Peso"
	},
	"KMF": {
		"name": "Comorian Franc"
	},
	"CDF": {
		"name": "Congolese Franc"
	},
	"CRC": {
		"name": "Costa Rican Colón"
	},
	"HRK": {
		"name": "Croatian Kuna"
	},
	"CUC": {
		"name": "Cuban Convertible Peso"
	},
	"CUP": {
		"name": "Cuban Peso"
	},
	"CZK": {
		"name": "Czech Koruna"
	},
	"DKK": {
		"name": "Danish Krone"
	},
	"DJF": {
		"name": "Djiboutian Franc"
	},
	"DOP": {
		"name": "Dominican Peso"
	},
	"XCD": {
		"name": "East Caribbean Dollar",
		"symbol": "EC$"
	},
	"EGP": {
		"name": "Egyptian Pound"
	},
	"ERN": {
		"name": "Eritrean Nakfa"
	},
	"ETB": {
		"name": "Ethiopian Birr"
	},
	"EUR": {
		"name": "Euro",
		"symbol": "€"
	},
	"FKP": {
		"name": "Falkland Islands Pound"
	},
	"FJD": {
		"name": "Fijian Dollar"
	},
	"GMD": {
		"name": "Gambian Dalasi"
	},
	"GEL": {
		"name": "Georgian Lari"
	},
	"GHS": {
		"name": "Ghanaian Cedi"
	},
	"GIP": {
		"name": "Gibraltar Pound"
	},
	"GTQ": {
		"name": "Guatemalan Quetzal"
	},
	"GNF": {
		"name": "Guinean Franc"
	},
	"GYD": {
		"name": "Guyanaese Dollar"
	},
	"HTG": {
		"name": "Haitian Gourde"
	},
	"HNL": {
		"name": "Honduran Lempira"
	},
	"HKD": {
		"name": "Hong Kong Dollar",
		"symbol": "HK$"
	},
	"HUF": {
		"name": "Hungarian Forint"
	},
	"ISK": {
		"name": "Icelandic Króna"
	},
	"INR": {
		"name": "Indian Rupee",
		"symbol": "₹"
	},
	"IDR": {
		"name": "Indonesian Rupiah"
	},
	"IRR": {
		"name": "Iranian Rial"
	},
	"IQD": {
		"name": "Iraqi Dinar"
	},
	"ILS": {
		"name": "Israeli New Shekel",
		"symbol": "₪"
	},
	"JMD": {
		"name": "Jamaican Dollar"
	},
	"JPY": {
		"name": "Japanese Yen",
		"symbol": "JP¥"
	},
	"JOD": {
		"name": "Jordanian Dinar"
	},
	"KZT": {
		"name": "Kazakhstani Tenge"
	},
	"KES": {
		"name": "Kenyan Shilling"
	},
	"KWD": {
		"name": "Kuwaiti Dinar"
	},
	"KGS": {
		"name": "Kyrgystani Som"
	},
	"LAK": {
		"name": "Laotian Kip"
	},
	"LBP": {
		"name": "Lebanese Pound"
	},
	"LSL": {
		"name": "Lesotho Loti"
	},
	"LRD": {
		"name": "Liberian Dollar"
	},
	"LYD": {
		"name": "Libyan Dinar"
	},
	"MOP": {
		"name": "Macanese Pataca"
	},
	"MKD": {
		"name": "Macedonian Denar"
	},
	"MGA": {
		"name": "Malagasy Ariary"
	},
	"MWK": {
		"name": "Malawian Kwacha"
	},
	"MYR": {
		"name": "Malaysian Ringgit"
	},
	"MVR": {
		"name": "Maldivian Rufiyaa"
	},
	"MRU": {
		"name": "Mauritanian Ouguiya"
	},
	"MUR": {
		"name": "Mauritian Rupee"
	},
	"MXN": {
		"name": "Mexican Peso",
		"symbol": "MX$"
	},
	"MDL": {
		"name": "Moldovan Leu"
	},
	"MNT": {
		"name": "Mongolian Tugrik"
	},
	"MAD": {
		"name": "Moroccan Dirham"
	},
	"MZN": {
		"name": "Mozambican Metical"
	},
	"MMK": {
		"name": "Myanmar Kyat"
	},
	"NAD": {
		"name": "Namibian Dollar"
	},
	"NPR": {
		"name": "Nepalese Rupee"
	},
	"ANG": {
		"name": "Netherlands Antillean Guilder"
	},
	"TWD": {
		"name": "New Taiwan Dollar",
		"symbol": "NT$"
	},
	"NZD": {
		"name": "New Zealand Dollar",
		"symbol": "NZ$"
	},
	"NIO": {
		"name": "Nicaraguan Córdoba"
	},
	"NGN": {
		"name": "Nigerian Naira"
	},
	"KPW": {
		"name": "North Korean Won"
	},
	"NOK": {
		"name": "Norwegian Krone"
	},
	"OMR": {
		"name": "Omani Rial"
	},
	"PKR": {
		"name": "Pakistani Rupee"
	},
	"PAB": {
		"name": "Panamanian Balboa"
	},
	"PGK": {
		"name": "Papua New Guinean Kina"
	},
	"PYG": {
		"name": "Paraguayan Guarani"
	},
	"PEN": {
		"name": "Peruvian Sol"
	},
	"PHP": {
		"name": "Philippine Peso",
		"symbol": "₱"
	},
	"PLN": {
		"name": "Polish Zloty"
	},
	"QAR": {
		"name": "Qatari Rial"
	},
	"RON": {
		"name": "Romanian Leu"
	},
	"RUB": {
		"name": "Russian Rouble"
	},
	"RWF": {
		"name": "Rwandan Franc"
	},
	"SVC": {
		"name": "Salvadoran Colón"
	},
	"WST": {
		"name": "Samoan Tala"
	},
	"STN": {
		"name": "São Tomé & Príncipe Dobra"
	},
	"SAR": {
		"name": "Saudi Riyal"
	},
	"RSD": {
		"name": "Serbian Dinar"
	},
	"SCR": {
		"name": "Seychellois Rupee"
	},
	"SLL": {
		"name": "Sierra Leonean Leone"
	},
	"SGD": {
		"name": "Singapore Dollar"
	},
	"SBD": {
		"name": "Solomon Islands Dollar"
	},
	"SOS": {
		"name": "Somali Shilling"
	},
	"ZAR": {
		"name": "South African Rand"
	},
	"KRW": {
		"name": "South Korean Won",
		"symbol": "₩"
	},
	"SSP": {
		"name": "South Sudanese Pound"
	},
	"LKR": {
		"name": "Sri Lankan Rupee"
	},
	"SHP": {
		"name": "St Helena Pound"
	},
	"SDG": {
		"name": "Sudanese Pound"
	},
	"SRD": {
		"name": "Surinamese Dollar"
	},
	"SZL": {
		"name": "Swazi Lilangeni"
	},
	"SEK": {
		"name": "Swedish Krona"
	},
	"CHF": {
		"name": "Swiss Franc"
	},
	"SYP": {
		"name": "Syrian Pound"
	},
	"TJS": {
		"name": "Tajikistani Somoni"
	},
	"TZS": {
		"name": "Tanzanian Shilling"
	},
	"THB": {
		"name": "Thai Baht"
	},
	"TOP": {
		"name": "Tongan Paʻanga"
	},
	"TTD": {
		"name": "Trinidad & Tobago Dollar"
	},
	"TND": {
		"name": "Tunisian Dinar"
	},
	"TRY": {
		"name": "Turkish Lira"
	},
	"TMT": {
		"name": "Turkmenistani Manat"
	},
	"UGX": {
		"name": "Ugandan Shilling"
	},
	"UAH": {
		"name": "Ukrainian Hryvnia"
	},
	"AED": {
		"name": "United Arab Emirates Dirham"
	},
	"UYW": {
		"name": "Uruguayan Nominal Wage Index Unit"
	},
	"UYU": {
		"name": "Uruguayan Peso"
	},
	"USD": {
		"name": "US Dollar",
		"symbol": "US$"
	},
	"UZS": {
		"name": "Uzbekistani Som"
	},
	"VUV": {
		"name": "Vanuatu Vatu"
	},
	"VES": {
		"name": "Venezuelan Bolívar"
	},
	"VND": {
		"name": "Vietnamese Dong",
		"symbol": "₫"
	},
	"XOF": {
		"name": "West African CFA Franc",
		"symbol": "F CFA"
	},
	"YER": {
		"name": "Yemeni Rial"
	},
	"ZMW": {
		"name": "Zambian Kwacha"
	},
	"ZWL": {
		"name": "Zimbabwean Dollar (2009)"
	}
}