{
	"AUD": {
		"name": "ავსტრალიური დოლარი"
	},
	"AFN": {
		"name": "ავღანური ავღანი"
	},
	"AZN": {
		"name": "აზერბაიჯანული მანათი"
	},
	"ALL": {
		"name": "ალბანური ლეკი"
	},
	"DZD": {
		"name": "ალჟირული დინარი"
	},
	"AOA": {
		"name": "ანგოლური კვანზა"
	},
	"AED": {
		"name": "არაბთა გაერთიანებული საამიროების დირჰამი"
	},
	"ARS": {
		"name": "არგენტინული პესო"
	},
	"AWG": {
		"name": "არუბანული გულდენი"
	},
	"XCD": {
		"name": "აღმოსავლეთ კარიბიული დოლარი",
		"symbol": "EC$"
	},
	"USD": {
		"name": "აშშ დოლარი",
		"symbol": "US$"
	},
	"NZD": {
		"name": "ახალი ზელანდიის დოლარი"
	},
	"TRY": {
		"name": "ახალი თურქული ლირა"
	},
	"BDT": {
		"name": "ბანგლადეშური ტაკა"
	},
	"BBD": {
		"name": "ბარბადოსული დოლარი"
	},
	"BSD": {
		"name": "ბაჰამური დოლარი"
	},
	"BHD": {
		"name": "ბაჰრეინული დინარი"
	},
	"BZD": {
		"name": "ბელიზის დოლარი"
	},
	"BYN": {
		"name": "ბელორუსული რუბლი"
	},
	"BMD": {
		"name": "ბერმუდული დოლარი"
	},
	"BOB": {
		"name": "ბოლივიური ბოლივიანო"
	},
	"BAM": {
		"name": "ბოსნია და ჰერცოგოვინას კონვერტირებადი მარკა"
	},
	"BWP": {
		"name": "ბოცვანური პულა"
	},
	"BRL": {
		"name": "ბრაზილიური რეალი",
		"symbol": "R$"
	},
	"GBP": {
		"name": "ბრიტანული გირვანქა სტერლინგი",
		"symbol": "£"
	},
	"BND": {
		"name": "ბრუნეული დოლარი"
	},
	"BGN": {
		"name": "ბულგარული ლევი"
	},
	"BIF": {
		"name": "ბურუნდიული ფრანკი"
	},
	"BTN": {
		"name": "ბუტანური ნგულტრუმი"
	},
	"GYD": {
		"name": "გაიანური დოლარი"
	},
	"GMD": {
		"name": "გამბიური დალასი"
	},
	"GHS": {
		"name": "განური სედი"
	},
	"GTQ": {
		"name": "გვატემალური კეტსალი"
	},
	"GNF": {
		"name": "გვინეური ფრანკი"
	},
	"GIP": {
		"name": "გიბრალტარული ფუნტი"
	},
	"DKK": {
		"name": "დანიური კრონა"
	},
	"XOF": {
		"name": "დასავლეთ აფრიკული CFA ფრანკი",
		"symbol": "F CFA"
	},
	"DOP": {
		"name": "დომინიკური პესო"
	},
	"EGP": {
		"name": "ეგვიპტური გირვანქა"
	},
	"EUR": {
		"name": "ევრო",
		"symbol": "€"
	},
	"ETB": {
		"name": "ეთიოპიური ბირი"
	},
	"IQD": {
		"name": "ერაყული დინარი"
	},
	"ERN": {
		"name": "ერიტრეის ნაკფა"
	},
	"VUV": {
		"name": "ვანუატუს ვატუ"
	},
	"VES": {
		"name": "ვენესუელის ბოლივარი"
	},
	"VND": {
		"name": "ვიეტნამური დონგი"
	},
	"ZMW": {
		"name": "ზამბიური კვაჭა"
	},
	"TMT": {
		"name": "თურქმენეთის მანათი"
	},
	"JMD": {
		"name": "იამაიკური დოლარი"
	},
	"JPY": {
		"name": "იაპონური იენი"
	},
	"YER": {
		"name": "იემენის რეალი"
	},
	"IDR": {
		"name": "ინდონეზიური რუპია"
	},
	"INR": {
		"name": "ინდური რუპია"
	},
	"JOD": {
		"name": "იორდანიული დოლარი"
	},
	"IRR": {
		"name": "ირანული რიალი"
	},
	"ISK": {
		"name": "ისლანდიური კრონა"
	},
	"ILS": {
		"name": "ისრაელის ახალი შეკელი"
	},
	"CVE": {
		"name": "კაბო-ვერდეს ესკუდო"
	},
	"KYD": {
		"name": "კაიმანის კუნძულების დოლარი"
	},
	"KHR": {
		"name": "კამბოჯური რიელი"
	},
	"CAD": {
		"name": "კანადური დოლარი",
		"symbol": "CA$"
	},
	"QAR": {
		"name": "კატარის რიალი"
	},
	"KES": {
		"name": "კენიური შილინგი"
	},
	"COP": {
		"name": "კოლუმბიური პესო"
	},
	"KMF": {
		"name": "კომორული ფრანკი"
	},
	"CDF": {
		"name": "კონგოს ფრანკი"
	},
	"CRC": {
		"name": "კოსტა-რიკული კოლონი"
	},
	"CUC": {
		"name": "კუბური კონვერტირებადი პესო"
	},
	"CUP": {
		"name": "კუბური პესო"
	},
	"LAK": {
		"name": "ლაოსური კიპი"
	},
	"LSL": {
		"name": "ლესოთოს ლოტი"
	},
	"LBP": {
		"name": "ლიბანური ფუნტი"
	},
	"LRD": {
		"name": "ლიბერიული დოლარი"
	},
	"LYD": {
		"name": "ლიბიური დინარი"
	},
	"MGA": {
		"name": "მადაგასკარის არიარი"
	},
	"MUR": {
		"name": "მავრიტანული რუპია"
	},
	"MRU": {
		"name": "მავრიტანული უგია"
	},
	"MOP": {
		"name": "მაკაუს პატაკა"
	},
	"MKD": {
		"name": "მაკედონიური დინარი"
	},
	"MWK": {
		"name": "მალავიური კვაჩა"
	},
	"MYR": {
		"name": "მალაიზიური რინგიტი"
	},
	"MVR": {
		"name": "მალდივური რუფია"
	},
	"MAD": {
		"name": "მაროკოს დირჰამი"
	},
	"MXN": {
		"name": "მექსიკური პესო",
		"symbol": "MX$"
	},
	"MMK": {
		"name": "მიანმარის კიატი"
	},
	"MZN": {
		"name": "მოზამბიკური მეტიკალი"
	},
	"MDL": {
		"name": "მოლდოვური ლეუ"
	},
	"MNT": {
		"name": "მონღოლური ტუგრიკი"
	},
	"NAD": {
		"name": "ნამიბიური დოლარი"
	},
	"NPR": {
		"name": "ნეპალური რუპია"
	},
	"NGN": {
		"name": "ნიგერიული ნაირა"
	},
	"ANG": {
		"name": "ნიდერლანდების ანტილების გულდენი"
	},
	"NIO": {
		"name": "ნიკარაგუას ოქროს კორდობა"
	},
	"NOK": {
		"name": "ნორვეგიული კრონა"
	},
	"OMR": {
		"name": "ომანის რიალი"
	},
	"PKR": {
		"name": "პაკისტანური რუპია"
	},
	"PAB": {
		"name": "პანამური ბალბოა"
	},
	"PGK": {
		"name": "პაპუა-ახალი გვინეის კინა"
	},
	"PYG": {
		"name": "პარაგვაული გუარანი"
	},
	"PEN": {
		"name": "პერუს სოლი"
	},
	"PLN": {
		"name": "პოლონური ზლოტი"
	},
	"RWF": {
		"name": "რუანდული ფრანკი"
	},
	"RON": {
		"name": "რუმინული ლეუ"
	},
	"RUB": {
		"name": "რუსული რუბლი"
	},
	"WST": {
		"name": "სამოური ტალა"
	},
	"ZAR": {
		"name": "სამხრეთ აფრიკული რანდი"
	},
	"KRW": {
		"name": "სამხრეთ კორეული ვონი"
	},
	"SSP": {
		"name": "სამხრეთ სუდანური ფუნტი"
	},
	"STN": {
		"name": "სან-ტომე და პრინსიპის დობრა"
	},
	"SAR": {
		"name": "საუდის არაბეთის რიალი"
	},
	"SCR": {
		"name": "სეიშელური რუპია"
	},
	"RSD": {
		"name": "სერბული დინარი"
	},
	"SZL": {
		"name": "სვაზილენდის ლილანგენი"
	},
	"SLL": {
		"name": "სიერა-ლეონეს ლეონე"
	},
	"SGD": {
		"name": "სინგაპურის დოლარი"
	},
	"SYP": {
		"name": "სირიული ფუნტი"
	},
	"SBD": {
		"name": "სოლომონის კუნძულების დოლარი"
	},
	"SOS": {
		"name": "სომალური შილინგი"
	},
	"AMD": {
		"name": "სომხური დრამი"
	},
	"SDG": {
		"name": "სუდანური ფუნტი"
	},
	"SRD": {
		"name": "სურინამული დოლარი"
	},
	"TWD": {
		"name": "ტაივანური ახალი დოლარი",
		"symbol": "NT$"
	},
	"THB": {
		"name": "ტაილანდური ბატი"
	},
	"TZS": {
		"name": "ტანზანიური შილინგი"
	},
	"TJS": {
		"name": "ტაჯიკური სომონი"
	},
	"TOP": {
		"name": "ტონგანური პაანგა"
	},
	"TTD": {
		"name": "ტრინიდად და ტობაგოს დოლარი"
	},
	"TND": {
		"name": "ტუნისური დინარი"
	},
	"UGX": {
		"name": "უგანდური შილინგი"
	},
	"UZS": {
		"name": "უზბეკური სუმი"
	},
	"UAH": {
		"name": "უკრაინული გრივნა"
	},
	"HUF": {
		"name": "უნგრული ფორინტი"
	},
	"UYU": {
		"name": "ურუგვაის პესო"
	},
	"PHP": {
		"name": "ფილიპინური პესო"
	},
	"FJD": {
		"name": "ფიჯის დოლარი"
	},
	"FKP": {
		"name": "ფოლკლენდის კუნძულების ფუნტი"
	},
	"GEL": {
		"name": "ქართული ლარი",
		"symbol": "₾"
	},
	"KWD": {
		"name": "ქუვეითური დინარი"
	},
	"KZT": {
		"name": "ყაზახური ტენგე"
	},
	"KGS": {
		"name": "ყირგიზული სომი"
	},
	"SEK": {
		"name": "შვედური კრონა"
	},
	"CHF": {
		"name": "შვეიცარიული ფრანკი"
	},
	"LKR": {
		"name": "შრი-ლანკური რუპია"
	},
	"CZK": {
		"name": "ჩეხური კრონა"
	},
	"CLP": {
		"name": "ჩილეს პესო"
	},
	"CNY": {
		"name": "ჩინური იუანი"
	},
	"KPW": {
		"name": "ჩრდილოეთ კორეული ვონი"
	},
	"XAF": {
		"name": "ცენტრალურ აფრიკული CFA ფრანკი",
		"symbol": "FCFA"
	},
	"SHP": {
		"name": "წმ. ელენეს კუნძულის ფუნტი"
	},
	"HRK": {
		"name": "ხორვატული კუნა"
	},
	"DJF": {
		"name": "ჯიბუტის ფრანკი"
	},
	"HTG": {
		"name": "ჰაიტური გურდი"
	},
	"HNL": {
		"name": "ჰონდურასული ლემპირა"
	},
	"HKD": {
		"name": "ჰონკონგის დოლარი"
	},
	"XPF": {
		"name": "CFP ფრანკი",
		"symbol": "CFPF"
	},
	"SVC": {
		"name": "Salvadoran Colón"
	},
	"UYW": {
		"name": "Uruguayan Nominal Wage Index Unit"
	},
	"ZWL": {
		"name": "Zimbabwean Dollar (2009)"
	}
}