{
	"AFN": {
		"name": "അഫ്‌ഗാൻ അഫ്‌‌ഗാനി"
	},
	"AOA": {
		"name": "അംഗോളൻ ‍ക്വാൻസ"
	},
	"ARS": {
		"name": "അർജൻറീൻ പെസോ"
	},
	"AMD": {
		"name": "അർമേനിയൻ ഡ്രാം"
	},
	"ALL": {
		"name": "അൽബേനിയൻ ലെക്"
	},
	"AZN": {
		"name": "അസർബൈജാനി മനത്"
	},
	"DZD": {
		"name": "അൾജീരിയൻ ദിനാർ"
	},
	"AWG": {
		"name": "അറൂബൻ ഫ്ലോറിൻ"
	},
	"IDR": {
		"name": "ഇന്തോനേഷ്യൻ റുപിയ"
	},
	"INR": {
		"name": "ഇന്ത്യൻ രൂപ",
		"symbol": "₹"
	},
	"ILS": {
		"name": "ഇസ്രായേലി ന്യൂ ഷെക്കെൽ",
		"symbol": "₪"
	},
	"IQD": {
		"name": "ഇറാഖി ദിനാർ"
	},
	"IRR": {
		"name": "ഇറാനിയൻ റിയാൽ"
	},
	"EGP": {
		"name": "ഈജിപ്‌ഷ്യൻ പൗണ്ട്"
	},
	"UAH": {
		"name": "ഉക്രേനിയൻ ഹ്രിവ്‌നിയ"
	},
	"UGX": {
		"name": "ഉഗാണ്ടൻ ഷില്ലിംഗ്"
	},
	"KPW": {
		"name": "ഉത്തര കൊറിയൻ വോൺ"
	},
	"UZS": {
		"name": "ഉസ്‌ബെക്കിസ്ഥാനി സോം"
	},
	"UYU": {
		"name": "ഉറുഗ്വേയൻ പെസോ"
	},
	"ETB": {
		"name": "എത്യോപ്യൻ ബിർ"
	},
	"SVC": {
		"name": "എൽ സാൽവഡോർ കോളൻ"
	},
	"ERN": {
		"name": "എറിത്രിയൻ നക്ഫ"
	},
	"ISK": {
		"name": "ഐസ്‌ലാൻഡിക് ക്രോണ"
	},
	"OMR": {
		"name": "ഒമാനി റിയാൽ"
	},
	"AUD": {
		"name": "ഓസ്ട്രേലിയൻ ഡോളർ",
		"symbol": "A$"
	},
	"CAD": {
		"name": "കനേഡിയൻ ഡോളർ",
		"symbol": "CA$"
	},
	"KHR": {
		"name": "കംബോഡിയൻ റീൽ"
	},
	"KZT": {
		"name": "കസാക്കിസ്ഥാനി ടെംഗെ"
	},
	"KGS": {
		"name": "കിർഗിസ്ഥാനി സോം"
	},
	"XCD": {
		"name": "കിഴക്കൻ കരീബിയൻ ഡോളർ",
		"symbol": "EC$"
	},
	"KWD": {
		"name": "കുവൈറ്റി ദിനാർ"
	},
	"KES": {
		"name": "കെനിയൻ ഷില്ലിംഗ്"
	},
	"CVE": {
		"name": "കേപ് വെർദിയൻ എസ്‌ക്യുഡോ"
	},
	"KYD": {
		"name": "കേമാൻ ഐലൻഡ്‌സ് ഡോളർ"
	},
	"KMF": {
		"name": "കൊമോറിയൻ ഫ്രാങ്ക്"
	},
	"COP": {
		"name": "കൊളംബിയൻ പെസോ"
	},
	"CDF": {
		"name": "കോങ്കളീസ് ഫ്രാങ്ക്"
	},
	"CRC": {
		"name": "കോസ്റ്റാ റിക്കൻ കോളൻ"
	},
	"CUC": {
		"name": "ക്യൂബൻ കൺവേർട്ടബിൾ പെസോ"
	},
	"CUP": {
		"name": "ക്യൂബൻ പെസോ"
	},
	"HRK": {
		"name": "ക്രൊയേഷൻ ക്യുന"
	},
	"QAR": {
		"name": "ഖത്തർ റിയാൽ"
	},
	"GYD": {
		"name": "ഗയാനീസ് ഡോളർ"
	},
	"GMD": {
		"name": "ഗാംബിയൻ ദലാസി"
	},
	"GNF": {
		"name": "ഗിനിയൻ ഫ്രാങ്ക്"
	},
	"GTQ": {
		"name": "ഗ്വാട്ടിമാലൻ ക്വെറ്റ്‌സൽ"
	},
	"GHS": {
		"name": "ഘാനയൻ കെഡി"
	},
	"CLP": {
		"name": "ചിലിയൻ പെസോ"
	},
	"CZK": {
		"name": "ചെക്ക് റിപ്പബ്ലിക് കൊരുണ"
	},
	"CNY": {
		"name": "ചൈനീസ് യുവാൻ",
		"symbol": "CN¥"
	},
	"JMD": {
		"name": "ജമൈക്കൻ ഡോളർ"
	},
	"JPY": {
		"name": "ജാപ്പനീസ് യെൻ",
		"symbol": "¥"
	},
	"GIP": {
		"name": "ജിബ്രാൾട്ടർ പൗണ്ട്"
	},
	"GEL": {
		"name": "ജോർജ്ജിയൻ ലാറി"
	},
	"JOD": {
		"name": "ജോർദ്ദാനിയൻ ദിനാർ"
	},
	"TRY": {
		"name": "ടർക്കിഷ് ലിറ"
	},
	"TZS": {
		"name": "ടാൻസാനിയൻ ഷില്ലിംഗ്"
	},
	"TND": {
		"name": "ടുണീഷ്യൻ ദിനാർ"
	},
	"TOP": {
		"name": "ടോംഗൻ പാംഗ"
	},
	"TTD": {
		"name": "ട്രിനിഡാഡ് അന്റ് ടുബാഗോ ഡോളർ"
	},
	"DKK": {
		"name": "ഡാനിഷ് ക്രോണെ"
	},
	"DOP": {
		"name": "ഡൊമിനിക്കൻ പെസോ"
	},
	"TJS": {
		"name": "താജിക്കിസ്ഥാനി സോംനി"
	},
	"THB": {
		"name": "തായ് ബട്ട്",
		"symbol": "฿"
	},
	"TMT": {
		"name": "തുർക്ക്‌മെനിസ്ഥാനി മനത്"
	},
	"KRW": {
		"name": "ദക്ഷിണ കൊറിയൻ വോൺ",
		"symbol": "₩"
	},
	"SSP": {
		"name": "ദക്ഷിണ സുഡാനീസ് പൗണ്ട്"
	},
	"ZAR": {
		"name": "ദക്ഷിണാഫ്രിക്കൻ റാൻഡ്"
	},
	"DJF": {
		"name": "ദിജിബൗട്ടിയൻ ഫ്രാങ്ക്"
	},
	"NAD": {
		"name": "നമീബിയൻ ഡോളർ"
	},
	"NIO": {
		"name": "നിക്കരാഗ്വൻ കോർഡോബ"
	},
	"ANG": {
		"name": "നെതർലാൻഡ്‌സ് ആന്റിലൻ ഗിൽഡർ"
	},
	"NPR": {
		"name": "നേപ്പാളീസ് റുപ്പീ"
	},
	"NGN": {
		"name": "നൈജീരിയൻ നൈറ"
	},
	"NOK": {
		"name": "നോർവീജിയൻ ക്രോണെ"
	},
	"TWD": {
		"name": "ന്യൂ തായ്‌വാൻ ഡോളർ",
		"symbol": "NT$"
	},
	"NZD": {
		"name": "ന്യൂസിലാന്റ് ഡോളർ",
		"symbol": "NZ$"
	},
	"PAB": {
		"name": "പനാമനിയൻ ബാൽബോവ"
	},
	"PYG": {
		"name": "പരാഗ്വേയൻ ഗ്വരനീ"
	},
	"XOF": {
		"name": "പശ്ചിമ ആഫ്രിക്കൻ [CFA] ഫ്രാങ്ക്",
		"symbol": "F CFA"
	},
	"PKR": {
		"name": "പാക്കിസ്ഥാനി റുപ്പീ"
	},
	"PGK": {
		"name": "പാപ്പുവ ന്യൂ ഗിനിയൻ കിന"
	},
	"PEN": {
		"name": "പെറുവിയൻ സോൾ"
	},
	"PLN": {
		"name": "പോളിഷ് സ്ലോട്ടി"
	},
	"FKP": {
		"name": "ഫാക്ക്‌ലാന്റ് ദ്വീപുകളുടെ പൗണ്ട്"
	},
	"FJD": {
		"name": "ഫിജിയൻ ഡോളർ"
	},
	"PHP": {
		"name": "ഫിലിപ്പീനി പെസോ"
	},
	"BDT": {
		"name": "ബംഗ്ലാദേശി ടാക്ക"
	},
	"BSD": {
		"name": "ബഹാമിയൻ ഡോളർ"
	},
	"BHD": {
		"name": "ബഹ്റൈനി ദിനാർ"
	},
	"BGN": {
		"name": "ബൾഗേറിയൻ ലെവ്"
	},
	"BIF": {
		"name": "ബറുണ്ടിയൻ ഫ്രാങ്ക്"
	},
	"BBD": {
		"name": "ബാർബേഡിയൻ ഡോളർ"
	},
	"BMD": {
		"name": "ബെർമുഡൻ ഡോളർ"
	},
	"BYN": {
		"name": "ബെലാറുഷ്യൻ റൂബിൾ"
	},
	"BZD": {
		"name": "ബെലീസ് ഡോളർ"
	},
	"BOB": {
		"name": "ബൊളീവിയൻ ബൊളിവിയാനോ"
	},
	"BWP": {
		"name": "ബോട്‌സ്വാനൻ പ്യുല"
	},
	"BAM": {
		"name": "ബോസ്‌നിയ-ഹെർസഗോവിന കൺവേർട്ടബിൾ മാർക്ക്"
	},
	"BRL": {
		"name": "ബ്രസീലിയൻ റിയാൽ",
		"symbol": "R$"
	},
	"GBP": {
		"name": "ബ്രിട്ടീഷ് പൗണ്ട്",
		"symbol": "£"
	},
	"BND": {
		"name": "ബ്രൂണൈ ഡോളർ"
	},
	"BTN": {
		"name": "ഭൂട്ടാനീസ് ഗൾട്രം"
	},
	"MOP": {
		"name": "മകാനീസ് പതാക്ക"
	},
	"MGA": {
		"name": "മഡഗാസി ഏരിയറി"
	},
	"XAF": {
		"name": "മദ്ധ്യ ആഫ്രിക്കൻ [CFA] ഫ്രാങ്ക്",
		"symbol": "FCFA"
	},
	"MNT": {
		"name": "മംഗോളിയൻ തുഗ്രിക്"
	},
	"MWK": {
		"name": "മലാവിയൻ ക്വച്ചാ"
	},
	"MYR": {
		"name": "മലേഷ്യൻ റിംഗിറ്റ്"
	},
	"MVR": {
		"name": "മാൽദീവിയൻ റുഫിയ"
	},
	"MKD": {
		"name": "മാസിഡോണിയൻ ദിനാർ"
	},
	"MXN": {
		"name": "മെക്സിക്കൻ പെസോ",
		"symbol": "MX$"
	},
	"MZN": {
		"name": "മൊസാംബിക്കൻ മെറ്റിക്കൽ"
	},
	"MDL": {
		"name": "മൊൾഡോവൻ ലിയു"
	},
	"MAD": {
		"name": "മൊറോക്കൻ ദിർഹം"
	},
	"MRU": {
		"name": "മൗറിറ്റേനിയൻ ഔഗിയ"
	},
	"MUR": {
		"name": "മൗറീഷ്യൻ റുപ്പീ"
	},
	"MMK": {
		"name": "മ്യാൻമാർ ക്യാട്"
	},
	"USD": {
		"name": "യു.എസ്. ഡോളർ",
		"symbol": "$"
	},
	"AED": {
		"name": "യുണൈറ്റഡ് അറബ് എമിറേറ്റ്സ് ദിർഹം"
	},
	"EUR": {
		"name": "യൂറോ",
		"symbol": "€"
	},
	"YER": {
		"name": "യെമനി റിയാൽ"
	},
	"LAK": {
		"name": "ലാവോഷിയൻ കിപ്"
	},
	"LYD": {
		"name": "ലിബിയൻ ദിനാർ"
	},
	"LBP": {
		"name": "ലെബനീസ് പൗണ്ട്"
	},
	"LSL": {
		"name": "ലെസോതോ ലോത്തി"
	},
	"LRD": {
		"name": "ലൈബീരിയൻ ഡോളർ"
	},
	"VUV": {
		"name": "വന്വാതു വാതു"
	},
	"VND": {
		"name": "വിയറ്റ്നാമീസ് ഡോങ്",
		"symbol": "₫"
	},
	"VES": {
		"name": "വെനിസ്വേലൻ ബൊളീവർ"
	},
	"LKR": {
		"name": "ശ്രീലങ്കൻ റുപ്പീ"
	},
	"WST": {
		"name": "സമോവൻ താല"
	},
	"ZMW": {
		"name": "സാംബിയൻ ക്വാച്ച"
	},
	"STN": {
		"name": "സാവോ ടോമി ആൻഡ് പ്രിൻസിപെ ഡോബ്ര"
	},
	"SGD": {
		"name": "സിംഗപ്പൂർ ഡോളർ"
	},
	"SLL": {
		"name": "സിയെറ ലിയോണിയൻ ലിയോൺ"
	},
	"SYP": {
		"name": "സിറിയൻ പൗണ്ട്"
	},
	"SCR": {
		"name": "സീഷെലോയിസ് റുപ്പീ"
	},
	"SDG": {
		"name": "സുഡാനീസ് പൗണ്ട്"
	},
	"SRD": {
		"name": "സുരിനെയിമിസ് ഡോളർ"
	},
	"SHP": {
		"name": "സെന്റ് ഹെലീന പൗണ്ട്"
	},
	"RSD": {
		"name": "സെർബിയൻ ദിനാർ"
	},
	"SOS": {
		"name": "സോമാലി ഷില്ലിംഗ്"
	},
	"SBD": {
		"name": "സോളമൻ ദ്വീപുകളുടെ ഡോളർ"
	},
	"SAR": {
		"name": "സൗദി റിയാൽ"
	},
	"SZL": {
		"name": "സ്വാസി ലിലാംഗനി"
	},
	"CHF": {
		"name": "സ്വിസ് ഫ്രാങ്ക്"
	},
	"SEK": {
		"name": "സ്വീഡിഷ് ക്രോണ"
	},
	"HUF": {
		"name": "ഹംഗേറിയൻ ഫോറിന്റ്"
	},
	"HTG": {
		"name": "ഹെയ്‌തിയൻ ഗൂർഡ്"
	},
	"HKD": {
		"name": "ഹോങ്കോങ്ങ് ഡോളർ",
		"symbol": "HK$"
	},
	"HNL": {
		"name": "ഹോണ്ടുറൻ ലെംപിറ"
	},
	"RUB": {
		"name": "റഷ്യൻ റൂബിൾ"
	},
	"RWF": {
		"name": "റുവാണ്ടൻ ഫ്രാങ്ക്"
	},
	"RON": {
		"name": "റൊമാനിയൻ ലെയു"
	},
	"XPF": {
		"name": "CFP ഫ്രാങ്ക്",
		"symbol": "CFPF"
	},
	"UYW": {
		"name": "Uruguayan Nominal Wage Index Unit"
	},
	"ZWL": {
		"name": "Zimbabwean Dollar (2009)"
	}
}