{
	"AOA": {
		"name": "กวานซาแองโกลา"
	},
	"PYG": {
		"name": "กวารานีปารากวัย"
	},
	"NIO": {
		"name": "กอร์โดบานิการากัว"
	},
	"ANG": {
		"name": "กิลเดอร์เนเธอร์แลนด์แอนทิลลิส"
	},
	"PGK": {
		"name": "กีนาปาปัวนิวกินี"
	},
	"LAK": {
		"name": "กีบลาว"
	},
	"HTG": {
		"name": "กูร์ดเฮติ"
	},
	"CRC": {
		"name": "โกลองคอสตาริกา"
	},
	"ZMW": {
		"name": "ควาชาแซมเบีย"
	},
	"MWK": {
		"name": "ควาชามาลาวี"
	},
	"HRK": {
		"name": "คูนาโครเอเชีย"
	},
	"GTQ": {
		"name": "เควตซัลกัวเตมาลา"
	},
	"DKK": {
		"name": "โครนเดนมาร์ก"
	},
	"NOK": {
		"name": "โครนนอร์เวย์"
	},
	"SEK": {
		"name": "โครนาสวีเดน"
	},
	"ISK": {
		"name": "โครนาไอซ์แลนด์"
	},
	"CZK": {
		"name": "โครูนาสาธารณรัฐเช็ก"
	},
	"SVC": {
		"name": "โคลอนเอลซัลวาดอร์"
	},
	"MMK": {
		"name": "จ๊าตพม่า"
	},
	"KES": {
		"name": "ชิลลิงเคนยา"
	},
	"SOS": {
		"name": "ชิลลิงโซมาเลีย"
	},
	"TZS": {
		"name": "ชิลลิงแทนซาเนีย"
	},
	"UGX": {
		"name": "ชิลลิงยูกันดา"
	},
	"PLN": {
		"name": "ซลอตีโปแลนด์"
	},
	"KGS": {
		"name": "ซอมคีร์กีซสถาน"
	},
	"UZS": {
		"name": "ซอมอุซเบกิสถาน"
	},
	"PEN": {
		"name": "ซอลเปรู"
	},
	"GHS": {
		"name": "เซดีกานา"
	},
	"TJS": {
		"name": "โซโมนิทาจิกิสถาน"
	},
	"VND": {
		"name": "ดองเวียดนาม",
		"symbol": "₫"
	},
	"STN": {
		"name": "ดอบราเซาตูเมและปรินซิปี"
	},
	"GYD": {
		"name": "ดอลลาร์กายอานา"
	},
	"CAD": {
		"name": "ดอลลาร์แคนาดา",
		"symbol": "CA$"
	},
	"XCD": {
		"name": "ดอลลาร์แคริบเบียนตะวันออก",
		"symbol": "EC$"
	},
	"JMD": {
		"name": "ดอลลาร์จาเมกา"
	},
	"ZWL": {
		"name": "ดอลลาร์ซิมบับเว (2009)"
	},
	"SRD": {
		"name": "ดอลลาร์ซูรินาเม"
	},
	"TTD": {
		"name": "ดอลลาร์ตรินิแดดและโตเบโก"
	},
	"TWD": {
		"name": "ดอลลาร์ไต้หวันใหม่",
		"symbol": "NT$"
	},
	"NAD": {
		"name": "ดอลลาร์นามิเบีย"
	},
	"NZD": {
		"name": "ดอลลาร์นิวซีแลนด์",
		"symbol": "NZ$"
	},
	"BND": {
		"name": "ดอลลาร์บรูไน"
	},
	"BBD": {
		"name": "ดอลลาร์บาร์เบโดส"
	},
	"BSD": {
		"name": "ดอลลาร์บาฮามาส"
	},
	"BZD": {
		"name": "ดอลลาร์เบลีซ"
	},
	"BMD": {
		"name": "ดอลลาร์เบอร์มิวดา"
	},
	"FJD": {
		"name": "ดอลลาร์ฟิจิ"
	},
	"LRD": {
		"name": "ดอลลาร์ไลบีเรีย"
	},
	"USD": {
		"name": "ดอลลาร์สหรัฐ",
		"symbol": "US$"
	},
	"SGD": {
		"name": "ดอลลาร์สิงคโปร์"
	},
	"KYD": {
		"name": "ดอลลาร์หมู่เกาะเคย์แมน"
	},
	"SBD": {
		"name": "ดอลลาร์หมู่เกาะโซโลมอน"
	},
	"AUD": {
		"name": "ดอลลาร์ออสเตรเลีย",
		"symbol": "AU$"
	},
	"HKD": {
		"name": "ดอลลาร์ฮ่องกง",
		"symbol": "HK$"
	},
	"GMD": {
		"name": "ดาลาซีแกมเบีย"
	},
	"KWD": {
		"name": "ดีนาร์คูเวต"
	},
	"JOD": {
		"name": "ดีนาร์จอร์แดน"
	},
	"RSD": {
		"name": "ดีนาร์เซอร์เบีย"
	},
	"TND": {
		"name": "ดีนาร์ตูนิเซีย"
	},
	"BHD": {
		"name": "ดีนาร์บาห์เรน"
	},
	"MKD": {
		"name": "ดีนาร์มาซิโดเนีย"
	},
	"LYD": {
		"name": "ดีนาร์ลิเบีย"
	},
	"IQD": {
		"name": "ดีนาร์อิรัก"
	},
	"DZD": {
		"name": "ดีนาร์แอลจีเรีย"
	},
	"MAD": {
		"name": "ดีแรห์มโมร็อกโก"
	},
	"AED": {
		"name": "เดอร์แฮมสหรัฐอาหรับเอมิเรตส์"
	},
	"AMD": {
		"name": "แดรมอาร์เมเนีย"
	},
	"BDT": {
		"name": "ตากาบังกลาเทศ"
	},
	"WST": {
		"name": "ทาลาซามัว"
	},
	"MNT": {
		"name": "ทูกริกมองโกเลีย"
	},
	"KZT": {
		"name": "เทงเจคาซัคสถาน"
	},
	"ILS": {
		"name": "นิวเชเกลอิสราเอล",
		"symbol": "₪"
	},
	"ERN": {
		"name": "แนกฟาเอริเทรีย"
	},
	"NGN": {
		"name": "ไนราไนจีเรีย"
	},
	"PAB": {
		"name": "บัลบัวปานามา"
	},
	"THB": {
		"name": "บาท",
		"symbol": "฿"
	},
	"ETB": {
		"name": "เบอรร์เอธิโอเปีย"
	},
	"BOB": {
		"name": "โบลิเวียโนโบลิเวีย"
	},
	"VES": {
		"name": "โบลีวาร์เวเนซุเอลา"
	},
	"SYP": {
		"name": "ปอนด์ซีเรีย"
	},
	"SDG": {
		"name": "ปอนด์ซูดาน"
	},
	"SSP": {
		"name": "ปอนด์ซูดานใต้"
	},
	"SHP": {
		"name": "ปอนด์เซนต์เฮเลนา"
	},
	"GIP": {
		"name": "ปอนด์ยิบรอลตาร์"
	},
	"LBP": {
		"name": "ปอนด์เลบานอน"
	},
	"GBP": {
		"name": "ปอนด์สเตอร์ลิง (สหราชอาณาจักร)",
		"symbol": "£"
	},
	"FKP": {
		"name": "ปอนด์หมู่เกาะฟอล์กแลนด์"
	},
	"EGP": {
		"name": "ปอนด์อียิปต์"
	},
	"MOP": {
		"name": "ปาตากามาเก๊า"
	},
	"BWP": {
		"name": "ปูลาบอตสวานา"
	},
	"CUP": {
		"name": "เปโซคิวบา"
	},
	"CUC": {
		"name": "เปโซคิวบา (แปลงสภาพ)"
	},
	"COP": {
		"name": "เปโซโคลอมเบีย"
	},
	"CLP": {
		"name": "เปโซชิลี"
	},
	"DOP": {
		"name": "เปโซโดมินิกัน"
	},
	"PHP": {
		"name": "เปโซฟิลิปปินส์"
	},
	"MXN": {
		"name": "เปโซเม็กซิโก",
		"symbol": "MX$"
	},
	"ARS": {
		"name": "เปโซอาร์เจนตินา"
	},
	"UYU": {
		"name": "เปโซอุรุกวัย"
	},
	"TOP": {
		"name": "พาแองกาตองกา"
	},
	"GNF": {
		"name": "ฟรังก์กินี"
	},
	"CDF": {
		"name": "ฟรังก์คองโก"
	},
	"KMF": {
		"name": "ฟรังก์คอโมโรส"
	},
	"DJF": {
		"name": "ฟรังก์จิบูตี"
	},
	"XPF": {
		"name": "ฟรังก์ซีเอฟพี",
		"symbol": "CFPF"
	},
	"XOF": {
		"name": "ฟรังก์เซฟาธนาคารกลางรัฐแอฟริกาตะวันตก",
		"symbol": "F CFA"
	},
	"XAF": {
		"name": "ฟรังก์เซฟาธนาคารรัฐแอฟริกากลาง",
		"symbol": "FCFA"
	},
	"BIF": {
		"name": "ฟรังก์บุรุนดี"
	},
	"RWF": {
		"name": "ฟรังก์รวันดา"
	},
	"CHF": {
		"name": "ฟรังก์สวิส"
	},
	"AWG": {
		"name": "ฟลอรินอารูบา"
	},
	"HUF": {
		"name": "ฟอรินต์ฮังการี"
	},
	"TMT": {
		"name": "มานัตเติร์กเมนิสถาน"
	},
	"AZN": {
		"name": "มานัตอาเซอร์ไบจาน"
	},
	"BAM": {
		"name": "มาร์กบอสเนีย-เฮอร์เซโกวีนา"
	},
	"MZN": {
		"name": "เมติคัลโมซัมบิก"
	},
	"EUR": {
		"name": "ยูโร",
		"symbol": "€"
	},
	"JPY": {
		"name": "เยนญี่ปุ่น",
		"symbol": "¥"
	},
	"MYR": {
		"name": "ริงกิตมาเลเซีย"
	},
	"SAR": {
		"name": "ริยัลซาอุดีอาระเบีย"
	},
	"BYN": {
		"name": "รูเบิลเบลารุส"
	},
	"RUB": {
		"name": "รูเบิลรัสเซีย"
	},
	"SCR": {
		"name": "รูปีเซเชลส์"
	},
	"NPR": {
		"name": "รูปีเนปาล"
	},
	"PKR": {
		"name": "รูปีปากีสถาน"
	},
	"MUR": {
		"name": "รูปีมอริเชียส"
	},
	"LKR": {
		"name": "รูปีศรีลังกา"
	},
	"INR": {
		"name": "รูปีอินเดีย",
		"symbol": "₹"
	},
	"IDR": {
		"name": "รูเปียห์อินโดนีเซีย"
	},
	"MVR": {
		"name": "รูฟิยามัลดีฟส์"
	},
	"KHR": {
		"name": "เรียลกัมพูชา"
	},
	"QAR": {
		"name": "เรียลกาตาร์"
	},
	"BRL": {
		"name": "เรียลบราซิล",
		"symbol": "R$"
	},
	"YER": {
		"name": "เรียลเยเมน"
	},
	"IRR": {
		"name": "เรียลอิหร่าน"
	},
	"OMR": {
		"name": "เรียลโอมาน"
	},
	"ZAR": {
		"name": "แรนด์แอฟริกาใต้"
	},
	"GEL": {
		"name": "ลารีจอร์เจีย"
	},
	"SZL": {
		"name": "ลิลันเจนีสวาซิ"
	},
	"MDL": {
		"name": "ลิวมอลโดวา"
	},
	"RON": {
		"name": "ลิวโรมาเนีย"
	},
	"TRY": {
		"name": "ลีราตุรกี"
	},
	"SLL": {
		"name": "ลีโอนเซียร์ราลีโอน"
	},
	"ALL": {
		"name": "เลกแอลเบเนีย"
	},
	"BGN": {
		"name": "เลฟบัลแกเรีย"
	},
	"HNL": {
		"name": "เลมปิราฮอนดูรัส"
	},
	"LSL": {
		"name": "โลตีเลโซโท"
	},
	"KRW": {
		"name": "วอนเกาหลีใต้",
		"symbol": "₩"
	},
	"KPW": {
		"name": "วอนเกาหลีเหนือ"
	},
	"VUV": {
		"name": "วาตูวานูอาตู"
	},
	"CNY": {
		"name": "หยวนจีน",
		"symbol": "CN¥"
	},
	"AFN": {
		"name": "อัฟกานิอัฟกานิสถาน"
	},
	"MGA": {
		"name": "อาเรียรีมาลากาซี"
	},
	"MRU": {
		"name": "อูกียามอริเตเนีย"
	},
	"BTN": {
		"name": "เอ็งกุลตรัมภูฏาน"
	},
	"CVE": {
		"name": "เอสคูโดเคปเวิร์ด"
	},
	"UAH": {
		"name": "ฮรีฟเนียยูเครน"
	},
	"UYW": {
		"name": "Uruguayan Nominal Wage Index Unit"
	}
}