{
	"ALL": {
		"name": "阿尔巴尼亚列克"
	},
	"DZD": {
		"name": "阿尔及利亚第纳尔"
	},
	"AFN": {
		"name": "阿富汗尼"
	},
	"ARS": {
		"name": "阿根廷比索"
	},
	"AED": {
		"name": "阿联酋迪拉姆"
	},
	"AWG": {
		"name": "阿鲁巴弗罗林"
	},
	"OMR": {
		"name": "阿曼里亚尔"
	},
	"AZN": {
		"name": "阿塞拜疆马纳特"
	},
	"EGP": {
		"name": "埃及镑"
	},
	"ETB": {
		"name": "埃塞俄比亚比尔"
	},
	"AOA": {
		"name": "安哥拉宽扎"
	},
	"AUD": {
		"name": "澳大利亚元",
		"symbol": "AU$"
	},
	"MOP": {
		"name": "澳门币"
	},
	"BBD": {
		"name": "巴巴多斯元"
	},
	"PGK": {
		"name": "巴布亚新几内亚基那"
	},
	"BSD": {
		"name": "巴哈马元"
	},
	"PKR": {
		"name": "巴基斯坦卢比"
	},
	"PYG": {
		"name": "巴拉圭瓜拉尼"
	},
	"BHD": {
		"name": "巴林第纳尔"
	},
	"PAB": {
		"name": "巴拿马巴波亚"
	},
	"BRL": {
		"name": "巴西雷亚尔",
		"symbol": "R$"
	},
	"BYN": {
		"name": "白俄罗斯卢布"
	},
	"BMD": {
		"name": "百慕大元"
	},
	"BGN": {
		"name": "保加利亚列弗"
	},
	"ISK": {
		"name": "冰岛克朗"
	},
	"PLN": {
		"name": "波兰兹罗提"
	},
	"BAM": {
		"name": "波斯尼亚-黑塞哥维那可兑换马克"
	},
	"BOB": {
		"name": "玻利维亚诺"
	},
	"BZD": {
		"name": "伯利兹元"
	},
	"BWP": {
		"name": "博茨瓦纳普拉"
	},
	"BTN": {
		"name": "不丹努尔特鲁姆"
	},
	"BIF": {
		"name": "布隆迪法郎"
	},
	"KPW": {
		"name": "朝鲜元"
	},
	"DKK": {
		"name": "丹麦克朗"
	},
	"XCD": {
		"name": "东加勒比元",
		"symbol": "EC$"
	},
	"DOP": {
		"name": "多米尼加比索"
	},
	"RUB": {
		"name": "俄罗斯卢布"
	},
	"ERN": {
		"name": "厄立特里亚纳克法"
	},
	"PHP": {
		"name": "菲律宾比索"
	},
	"FJD": {
		"name": "斐济元"
	},
	"CVE": {
		"name": "佛得角埃斯库多"
	},
	"FKP": {
		"name": "福克兰群岛镑"
	},
	"GMD": {
		"name": "冈比亚达拉西"
	},
	"CDF": {
		"name": "刚果法郎"
	},
	"HKD": {
		"name": "港元",
		"symbol": "HK$"
	},
	"COP": {
		"name": "哥伦比亚比索"
	},
	"CRC": {
		"name": "哥斯达黎加科朗"
	},
	"GEL": {
		"name": "格鲁吉亚拉里"
	},
	"CUP": {
		"name": "古巴比索"
	},
	"CUC": {
		"name": "古巴可兑换比索"
	},
	"GYD": {
		"name": "圭亚那元"
	},
	"KZT": {
		"name": "哈萨克斯坦坚戈"
	},
	"HTG": {
		"name": "海地古德"
	},
	"KRW": {
		"name": "韩元",
		"symbol": "￦"
	},
	"ANG": {
		"name": "荷属安的列斯盾"
	},
	"HNL": {
		"name": "洪都拉斯伦皮拉"
	},
	"DJF": {
		"name": "吉布提法郎"
	},
	"KGS": {
		"name": "吉尔吉斯斯坦索姆"
	},
	"GNF": {
		"name": "几内亚法郎"
	},
	"CAD": {
		"name": "加拿大元",
		"symbol": "CA$"
	},
	"GHS": {
		"name": "加纳塞地"
	},
	"KHR": {
		"name": "柬埔寨瑞尔"
	},
	"CZK": {
		"name": "捷克克朗"
	},
	"ZWL": {
		"name": "津巴布韦元 (2009)"
	},
	"QAR": {
		"name": "卡塔尔里亚尔"
	},
	"KYD": {
		"name": "开曼群岛元"
	},
	"KMF": {
		"name": "科摩罗法郎"
	},
	"KWD": {
		"name": "科威特第纳尔"
	},
	"HRK": {
		"name": "克罗地亚库纳"
	},
	"KES": {
		"name": "肯尼亚先令"
	},
	"LSL": {
		"name": "莱索托洛蒂"
	},
	"LAK": {
		"name": "老挝基普"
	},
	"LBP": {
		"name": "黎巴嫩镑"
	},
	"LRD": {
		"name": "利比里亚元"
	},
	"LYD": {
		"name": "利比亚第纳尔"
	},
	"RWF": {
		"name": "卢旺达法郎"
	},
	"RON": {
		"name": "罗马尼亚列伊"
	},
	"MGA": {
		"name": "马达加斯加阿里亚里"
	},
	"MVR": {
		"name": "马尔代夫卢菲亚"
	},
	"MWK": {
		"name": "马拉维克瓦查"
	},
	"MYR": {
		"name": "马来西亚林吉特"
	},
	"MKD": {
		"name": "马其顿第纳尔"
	},
	"MUR": {
		"name": "毛里求斯卢比"
	},
	"MRU": {
		"name": "毛里塔尼亚乌吉亚"
	},
	"USD": {
		"name": "美元",
		"symbol": "US$"
	},
	"MNT": {
		"name": "蒙古图格里克"
	},
	"BDT": {
		"name": "孟加拉塔卡"
	},
	"PEN": {
		"name": "秘鲁索尔"
	},
	"MMK": {
		"name": "缅甸元"
	},
	"MDL": {
		"name": "摩尔多瓦列伊"
	},
	"MAD": {
		"name": "摩洛哥迪拉姆"
	},
	"MZN": {
		"name": "莫桑比克美提卡"
	},
	"MXN": {
		"name": "墨西哥比索",
		"symbol": "MX$"
	},
	"NAD": {
		"name": "纳米比亚元"
	},
	"ZAR": {
		"name": "南非兰特"
	},
	"SSP": {
		"name": "南苏丹镑"
	},
	"NIO": {
		"name": "尼加拉瓜科多巴"
	},
	"NPR": {
		"name": "尼泊尔卢比"
	},
	"NGN": {
		"name": "尼日利亚奈拉"
	},
	"NOK": {
		"name": "挪威克朗"
	},
	"EUR": {
		"name": "欧元",
		"symbol": "€"
	},
	"CNY": {
		"name": "人民币",
		"symbol": "CN¥"
	},
	"JPY": {
		"name": "日元",
		"symbol": "JP¥"
	},
	"SEK": {
		"name": "瑞典克朗"
	},
	"CHF": {
		"name": "瑞士法郎"
	},
	"SVC": {
		"name": "萨尔瓦多科朗"
	},
	"WST": {
		"name": "萨摩亚塔拉"
	},
	"RSD": {
		"name": "塞尔维亚第纳尔"
	},
	"SLL": {
		"name": "塞拉利昂利昂"
	},
	"SCR": {
		"name": "塞舌尔卢比"
	},
	"SAR": {
		"name": "沙特里亚尔"
	},
	"STN": {
		"name": "圣多美和普林西比多布拉"
	},
	"SHP": {
		"name": "圣赫勒拿群岛磅"
	},
	"LKR": {
		"name": "斯里兰卡卢比"
	},
	"SZL": {
		"name": "斯威士兰里兰吉尼"
	},
	"SDG": {
		"name": "苏丹镑"
	},
	"SRD": {
		"name": "苏里南元"
	},
	"SBD": {
		"name": "所罗门群岛元"
	},
	"SOS": {
		"name": "索马里先令"
	},
	"TJS": {
		"name": "塔吉克斯坦索莫尼"
	},
	"XPF": {
		"name": "太平洋法郎",
		"symbol": "CFPF"
	},
	"THB": {
		"name": "泰铢"
	},
	"TZS": {
		"name": "坦桑尼亚先令"
	},
	"TOP": {
		"name": "汤加潘加"
	},
	"TTD": {
		"name": "特立尼达和多巴哥元"
	},
	"TND": {
		"name": "突尼斯第纳尔"
	},
	"TRY": {
		"name": "土耳其里拉"
	},
	"TMT": {
		"name": "土库曼斯坦马纳特"
	},
	"VUV": {
		"name": "瓦努阿图瓦图"
	},
	"GTQ": {
		"name": "危地马拉格查尔"
	},
	"VES": {
		"name": "委内瑞拉玻利瓦尔"
	},
	"BND": {
		"name": "文莱元"
	},
	"UGX": {
		"name": "乌干达先令"
	},
	"UAH": {
		"name": "乌克兰格里夫纳"
	},
	"UYU": {
		"name": "乌拉圭比索"
	},
	"UYW": {
		"name": "乌拉圭票面工资指数单位"
	},
	"UZS": {
		"name": "乌兹别克斯坦苏姆"
	},
	"XOF": {
		"name": "西非法郎",
		"symbol": "F CFA"
	},
	"SGD": {
		"name": "新加坡元"
	},
	"TWD": {
		"name": "新台币",
		"symbol": "NT$"
	},
	"NZD": {
		"name": "新西兰元",
		"symbol": "NZ$"
	},
	"HUF": {
		"name": "匈牙利福林"
	},
	"SYP": {
		"name": "叙利亚镑"
	},
	"JMD": {
		"name": "牙买加元"
	},
	"AMD": {
		"name": "亚美尼亚德拉姆"
	},
	"YER": {
		"name": "也门里亚尔"
	},
	"IQD": {
		"name": "伊拉克第纳尔"
	},
	"IRR": {
		"name": "伊朗里亚尔"
	},
	"ILS": {
		"name": "以色列新谢克尔",
		"symbol": "₪"
	},
	"INR": {
		"name": "印度卢比",
		"symbol": "₹"
	},
	"IDR": {
		"name": "印度尼西亚盾"
	},
	"GBP": {
		"name": "英镑",
		"symbol": "£"
	},
	"JOD": {
		"name": "约旦第纳尔"
	},
	"VND": {
		"name": "越南盾",
		"symbol": "₫"
	},
	"ZMW": {
		"name": "赞比亚克瓦查"
	},
	"GIP": {
		"name": "直布罗陀镑"
	},
	"CLP": {
		"name": "智利比索"
	},
	"XAF": {
		"name": "中非法郎",
		"symbol": "FCFA"
	}
}